Date,Open,High,Low,Close,Volume
03/13/2017,65010002,65190002,64570000,64709999,20100000
03/14/2017,64529999,64550003,64150002,64410004,14280200
03/15/2017,64550003,64919998,64250000,64750000,24833800
03/16/2017,64750000,64760002,64300003,64639999,20674300
03/17/2017,64910004,65239998,64680000,64870003,49219700
03/20/2017,64910004,65180000,64720001,64930000,14598100
03/21/2017,65190002,65500000,64129997,64209999,26640500
03/22/2017,64120003,65139999,64120003,65029999,20680000
03/23/2017,64940002,65239998,64769997,64870003,19269200
03/24/2017,65360001,65449997,64760002,64980003,22617100
03/27/2017,64629997,65220001,64349998,65099998,18614700
03/28/2017,64959999,65470001,64650002,65290001,20080400
03/29/2017,65120003,65500000,64949997,65470001,13618400
03/30/2017,65419998,65980003,65360001,65709999,15122800
03/31/2017,65650002,66190002,65449997,65860001,21040300
04/03/2017,65809998,65940002,65190002,65550003,20400900
04/04/2017,65389999,65809998,65279999,65730003,12997400
04/05/2017,66300003,66349998,65440002,65559998,21448600
04/06/2017,65599998,66059998,65480003,65730003,18103500
04/07/2017,65849998,65959999,65440002,65680000,14108500
04/10/2017,65610001,65820000,65360001,65529999,17952700
04/11/2017,65599998,65610001,64849998,65480003,18791500
04/12/2017,65419998,65510002,65110001,65230003,17108500
04/13/2017,65290001,65860001,64949997,64949997,17896500
04/17/2017,65040001,65489998,65010002,65480003,16689300
04/18/2017,65330002,65709999,65160004,65389999,15155600
04/19/2017,65650002,65750000,64889999,65040001,26992800
04/20/2017,65459999,65750000,65139999,65500000,22299500
04/21/2017,65669998,66699997,65449997,66400002,32522600
04/24/2017,67480003,67660004,67099998,67529999,29770000
04/25/2017,67900002,68040001,67599998,67919998,30242700
04/26/2017,68080002,68309998,67620003,67830002,26190800
04/27/2017,68150002,68379997,67580002,68269997,34971000
04/28/2017,68910004,69139999,67690002,68459999,39548800
05/01/2017,68680000,69550003,68500000,69410004,31954400
05/02/2017,69709999,69709999,69129997,69300003,23906100
05/03/2017,69379997,69379997,68709999,69080002,28928000
05/04/2017,69029999,69080002,68639999,68809998,21749400
05/05/2017,68900002,69029999,68489998,69000000,19128800
05/08/2017,68970001,69050003,68419998,68940002,18566100
05/09/2017,68860001,69279999,68680000,69040001,22858400
05/10/2017,68989998,69559998,68919998,69309998,17977800
05/11/2017,68360001,68730003,68120003,68459999,28789400
05/12/2017,68610001,68610001,68040001,68379997,18714100
05/15/2017,68139999,68480003,67570000,68430000,31530300
05/16/2017,68230003,69440002,68160004,69410004,34956000
05/17/2017,68889999,69099998,67430000,67480003,30548800
05/18/2017,67400002,68129997,67139999,67709999,25201300
05/19/2017,67500000,68099998,67430000,67690002,26961100
05/22/2017,67889999,68500000,67500000,68449997,16237600
05/23/2017,68720001,68750000,68379997,68680000,15425800
05/24/2017,68870003,68879997,68449997,68769997,14593900
05/25/2017,68970001,69879997,68910004,69620003,21854100
05/26/2017,69800003,70220001,69519997,69959999,19827900
05/30/2017,69790001,70410004,69769997,70410004,17072800
05/31/2017,70529999,70739998,69809998,69839996,30436400
06/01/2017,70239998,70610001,69449997,70099998,21603600
06/02/2017,70440002,71860001,70239998,71760002,34770300
06/05/2017,71970001,72889999,71809998,72279999,33316800
06/06/2017,72300003,72620003,72269997,72519997,31511100
06/07/2017,72639999,72769997,71949997,72389999,22301800
06/08/2017,72510002,72519997,71500000,71949997,24588300
06/09/2017,72040001,72080002,68589996,70320000,49187400
06/12/2017,69250000,69940002,68129997,69779999,47761700
06/13/2017,70019997,70820000,69959999,70650002,25258600
06/14/2017,70910004,71099998,69430000,70269997,25510700
06/15/2017,69269997,70209999,68800003,69900002,26068700
06/16/2017,69730003,70029999,69220001,70000000,48345100
06/19/2017,70500000,70940002,70349998,70870003,23798300
06/20/2017,70820000,70870003,69870003,69910004,21512200
06/21/2017,70209999,70620003,69940002,70269997,19891100
06/22/2017,70540001,70589996,69709999,70260002,22965700
06/23/2017,70089996,71250000,69919998,71209999,27617300
06/26/2017,71400002,71709999,70440002,70529999,19607000
06/27/2017,70110001,70180000,69180000,69209999,25215100
06/28/2017,69209999,69839996,68790001,69800003,25806200
06/29/2017,69379997,69489998,68089996,68489998,28918700
06/30/2017,68779999,69379997,68739998,68930000,24161100
07/03/2017,69330002,69599998,68019997,68169998,16165500
07/05/2017,68260002,69440002,68220001,69080002,21176300
07/06/2017,68269997,68779999,68120003,68570000,21117600
07/07/2017,68699997,69839996,68699997,69459999,16878300
07/10/2017,69459999,70250000,69199997,69980003,15014500
07/11/2017,70000000,70680000,69750000,69989998,17460000
07/12/2017,70690002,71279999,70550003,71150002,17750900
07/13/2017,71500000,72040001,71309998,71769997,20269800
07/14/2017,72239998,73269997,71959999,72779999,25868100
07/17/2017,72800003,73449997,72720001,73349998,21803900
07/18/2017,73089996,73389999,72660004,73300003,26435300
07/19/2017,73500000,74040001,73449997,73860001,22416200
07/20/2017,74180000,74300003,73279999,74220001,42361000
07/21/2017,73449997,74290001,73169998,73790001,46717100
07/24/2017,73529999,73750000,73129997,73599998,21394800
07/25/2017,73800003,74309998,73500000,74190002,22018700
07/26/2017,74339996,74379997,73809998,74050003,16252200
07/27/2017,73760002,74419998,72320000,73160004,36844200
07/28/2017,72669998,73309998,72540001,73040001,18306700
07/31/2017,73300003,73440002,72410004,72699997,23600100
08/01/2017,73099998,73419998,72489998,72580002,22132300
08/02/2017,72550003,72559998,71440002,72260002,26499200
08/03/2017,72190002,72440002,71849998,72150002,18214400
08/04/2017,72400002,73040001,72239998,72680000,22579000
08/07/2017,72800003,72900002,72260002,72400002,18705700
08/08/2017,72089996,73129997,71750000,72790001,22044600
08/09/2017,72250000,72510002,72050003,72470001,22213400
08/10/2017,71900002,72190002,71349998,71410004,24734500
08/11/2017,71610001,72699997,71279999,72500000,21443700
08/14/2017,73059998,73720001,72949997,73589996,20096600
08/15/2017,73589996,73589996,73040001,73220001,19181400
08/16/2017,73339996,74099998,73169998,73650002,18150400
08/17/2017,73580002,73870003,72400002,72400002,22977500
08/18/2017,72269997,72839996,71930000,72489998,18761500
08/21/2017,72470001,72480003,71699997,72150002,17734800
08/22/2017,72349998,73239998,72349998,73160004,14343700
08/23/2017,72959999,73150002,72529999,72720001,13766500
08/24/2017,72739998,72860001,72070000,72690002,17098300
08/25/2017,72860001,73349998,72480003,72820000,12794300
08/28/2017,73059998,73089996,72550003,72830002,14569700
08/29/2017,72250000,73160004,72050003,73050003,11478400
08/30/2017,73010002,74209999,72830002,74010002,16897800
08/31/2017,74029999,74959999,73800003,74769997,27652800
09/01/2017,74709999,74739998,73639999,73940002,21736200
09/05/2017,73339996,73889999,72980003,73610001,21556000
09/06/2017,73739998,74040001,73349998,73400002,16535800
09/07/2017,73680000,74599998,73599998,74339996,17471200
09/08/2017,74330002,74440002,73839996,73980003,14703800
09/11/2017,74309998,74940002,74309998,74760002,17910400
09/12/2017,74760002,75239998,74370003,74680000,14394900
09/13/2017,74930000,75230003,74550003,75209999,13380800
09/14/2017,75000000,75489998,74519997,74769997,15733900
09/15/2017,74830002,75389999,74070000,75309998,38578400
09/18/2017,75230003,75970001,75040001,75160004,23307000
09/19/2017,75209999,75709999,75010002,75440002,16093300
09/20/2017,75349998,75550003,74309998,74940002,21587900
09/21/2017,75110001,75239998,74110001,74209999,19186100
09/22/2017,73989998,74510002,73849998,74410004,14111400
09/25/2017,74089996,74250000,72919998,73260002,24149200
09/26/2017,73669998,73809998,72989998,73260002,18019600
09/27/2017,73550003,74169998,73169998,73849998,19565100
09/28/2017,73540001,73970001,73309998,73870003,10883800
09/29/2017,73940002,74540001,73879997,74489998,17079100
10/02/2017,74709999,75010002,74300003,74610001,15304800
10/03/2017,74669998,74879997,74190002,74260002,12190400
10/04/2017,74089996,74720001,73709999,74690002,13317700
10/05/2017,75220001,76120003,74959999,75970001,21195300
10/06/2017,75669998,76029999,75540001,76000000,13959800
10/09/2017,75970001,76550003,75860001,76290001,11386500
10/10/2017,76330002,76629997,76139999,76290001,13944500
10/11/2017,76360001,76459999,75949997,76419998,15388900
10/12/2017,76489998,77290001,76370003,77120003,16876500
10/13/2017,77589996,77870003,77290001,77489998,15335700
10/16/2017,77419998,77809998,77349998,77650002,12380100
10/17/2017,77470001,77620003,77250000,77589996,16824000
10/18/2017,77669998,77849998,77370003,77610001,13300700
10/19/2017,77570000,77930000,77349998,77910004,15092800
10/20/2017,78320000,78970001,78220001,78809998,22866400
10/23/2017,78989998,79339996,78760002,78830002,20627200
10/24/2017,78900002,79199997,78459999,78860001,17517200
10/25/2017,78580002,79099998,78010002,78629997,20410800
10/26/2017,79199997,79419998,78750000,78760002,32120700
10/27/2017,84370003,86199997,83610001,83809998,71066700
10/30/2017,83699997,84330002,83110001,83889999,31756700
10/31/2017,84360001,84360001,83110001,83180000,27086600
11/01/2017,83680000,83760002,82879997,83180000,22307400
11/02/2017,83349998,84459999,83120003,84050003,23992900
11/03/2017,84080002,84540001,83400002,84139999,17633500
11/06/2017,84199997,84699997,84080002,84470001,19860900
11/07/2017,84769997,84900002,83930000,84269997,17939700
11/08/2017,84139999,84610001,83830002,84559998,18034200
11/09/2017,84110001,84269997,82900002,84089996,21178400
11/10/2017,83790001,84099998,83230003,83870003,19397800
11/13/2017,83660004,83940002,83459999,83930000,14196900
11/14/2017,83500000,84099998,82980003,84050003,18801300
11/15/2017,83470001,83690002,82690002,82980003,19383100
11/16/2017,83099998,83419998,82940002,83199997,20962800
11/17/2017,83120003,83120003,82239998,82400002,22079000
11/20/2017,82400002,82589996,82250000,82529999,16315000
11/21/2017,82739998,83839996,82739998,83720001,21237500
11/22/2017,83830002,83900002,83040001,83110001,20553100
11/24/2017,83010002,83430000,82779999,83260002,7425600
11/27/2017,83309998,83980003,83300003,83870003,18265200
11/28/2017,84070000,85059998,84019997,84879997,21926000
11/29/2017,84709999,84919998,83180000,83339996,27381100
11/30/2017,83510002,84519997,83339996,84169998,33054600
12/01/2017,83599998,84809998,83220001,84260002,29532100
12/04/2017,84419998,84430000,80699997,81080002,39094900
12/05/2017,81339996,82680000,80980003,81589996,26152300
12/06/2017,81550003,83139999,81430000,82779999,26162100
12/07/2017,82540001,82800003,82000000,82489998,23184500
12/08/2017,83629997,84580002,83330002,84160004,24489100
12/11/2017,84290001,85370003,84120003,85230003,22857900
12/12/2017,85309998,86050003,85080002,85580002,23924100
12/13/2017,85739998,86000000,85169998,85349998,22062700
12/14/2017,85430000,85870003,84529999,84690002,19306000
12/15/2017,85260002,87089996,84879997,86849998,53936700
12/18/2017,87120003,87500000,86230003,86379997,22283800
12/19/2017,86349998,86349998,85269997,85830002,23524800
12/20/2017,86199997,86300003,84709999,85519997,23674900
12/21/2017,86050003,86099998,85400002,85500000,17990700
12/22/2017,85400002,85629997,84919998,85510002,14145800
12/26/2017,85309998,85529999,85029999,85400002,9891200
12/27/2017,85650002,85980003,85220001,85709999,14678000
12/28/2017,85900002,85930000,85550003,85720001,10594300
12/29/2017,85629997,86050003,85500000,85540001,18717400
01/02/2018,86129997,86309998,85500000,85949997,22483800
01/03/2018,86059998,86510002,85970001,86349998,26061400
01/04/2018,86589996,87660004,86570000,87110001,21912000
01/05/2018,87660004,88410004,87430000,88190002,23407100
01/08/2018,88199997,88580002,87599998,88279999,22113000
01/09/2018,88650002,88730003,87860001,88220001,19484300
01/10/2018,87860001,88190002,87410004,87820000,18652200
01/11/2018,88129997,88129997,87239998,88080002,17808900
01/12/2018,88669998,89779999,88449997,89599998,24271500
01/16/2018,90099998,90790001,88010002,88349998,36599700
01/17/2018,89080002,90279999,88750000,90139999,25621200
01/18/2018,89800003,90669998,89660004,90099998,24159700
01/19/2018,90139999,90610001,89660004,90000000,36875000
01/22/2018,90000000,91620003,89739998,91610001,23601600
01/23/2018,91900002,92300003,91540001,91900002,23412800
01/24/2018,92550003,93430000,91580002,91820000,33277500
01/25/2018,92470001,93239998,91930000,92330002,26383200
01/26/2018,93120003,94059998,92580002,94059998,29172200
01/29/2018,95139999,95449997,93720001,93919998,31569900
01/30/2018,93300003,93660004,92099998,92739998,38635100
01/31/2018,93750000,95400002,93510002,95010002,48756300
02/01/2018,94790001,96070000,93580002,94260002,47227900
02/02/2018,93639999,93970001,91500000,91779999,47867800
02/05/2018,90559998,93239998,88000000,88000000,51031500
02/06/2018,86889999,91480003,85250000,91330002,67998600
02/07/2018,90489998,91769997,89199997,89610001,41107600
02/08/2018,89709999,89879997,84760002,85010002,55628700
02/09/2018,86300003,88930000,83830002,88180000,63499100
02/12/2018,88739998,89779999,87930000,89129997,35720300
02/13/2018,88930000,90000000,87800003,89830002,26407700
02/14/2018,88510002,90989998,88410004,90809998,34960900
02/15/2018,91209999,92720001,90620003,92660004,27823900
02/16/2018,92449997,93500000,91800003,92000000,30596900
02/20/2018,91480003,93059998,91010002,92720001,30911700
02/21/2018,92980003,93360001,91489998,91489998,26922500
02/22/2018,92050003,92730003,91360001,91730003,24392800
02/23/2018,93599998,94070000,92360001,94059998,26329200
02/26/2018,94400002,95449997,94250000,95419998,30199800
02/27/2018,95739998,95839996,94199997,94199997,25869100
02/28/2018,94839996,95709999,93629997,93769997,31167300
03/01/2018,93989998,94570000,91839996,92849998,37135600
03/02/2018,91580002,93150002,90860001,93050003,32830400
03/05/2018,92339996,94269997,92260002,93639999,23901600
03/06/2018,94339996,94489998,92940002,93320000,22175800
03/07/2018,93160004,93940002,92430000,93860001,26716100
03/08/2018,94269997,95099998,93769997,94430000,25887800
03/09/2018,95290001,96540001,95000000,96540001,36937300
03/12/2018,96500000,97209999,96040001,96769997,26073700
03/13/2018,97000000,97239998,93970001,94410004,35387800
03/14/2018,95120003,95410004,93500000,93849998,32132000
03/15/2018,93529999,94580002,92830002,94180000,27611000
03/16/2018,94680000,95379997,93919998,94599998,49081300
03/19/2018,93739998,93900002,92110001,92889999,33344100
03/20/2018,93050003,93769997,93000000,93129997,23075200
03/21/2018,92930000,94050003,92209999,92480003,24457100
03/22/2018,91269997,91750000,89660004,89790001,38604700
03/23/2018,89500000,90459999,87080002,87180000,44068900
03/26/2018,90610001,94000000,90400002,93779999,56396800
03/27/2018,94940002,95139999,88510002,89470001,56569000
03/28/2018,89820000,91230003,88870003,89389999,52501100
03/29/2018,90180000,92290001,88400002,91269997,45867500
04/02/2018,90470001,90879997,87510002,88519997,48515400
04/03/2018,89580002,90050003,87889999,89709999,37213800
04/04/2018,87849998,92760002,87730003,92330002,35560000
04/05/2018,92440002,93070000,91400002,92379997,29771900
04/06/2018,91489998,92459999,89480003,90230003,38026000
04/09/2018,91040001,93169998,90620003,90769997,31533900
04/10/2018,92389999,93279999,91639999,92879997,26812000
04/11/2018,92010002,93290001,91480003,91860001,24872100
04/12/2018,92430000,94160004,92430000,93580002,26758900
04/13/2018,94050003,94180000,92440002,93080002,23346100
04/16/2018,94070000,94660004,93419998,94169998,20288100
04/17/2018,95000000,96540001,94879997,96070000,26771000
04/18/2018,96220001,96720001,95519997,96440002,21043300
04/19/2018,96440002,97070000,95339996,96110001,23552500
04/20/2018,95910004,96110001,94050003,95000000,31154400
04/23/2018,95739998,96290001,94629997,95349998,22331800
04/24/2018,96239998,96470001,92410004,93120003,34524800
04/25/2018,93300003,93300003,90279999,92309998,33729300
04/26/2018,93550003,95150002,93099998,94260002,42529000
04/27/2018,97599998,97900002,93910004,95820000,48272800
04/30/2018,96330002,96400002,93150002,93519997,41523600
05/01/2018,93209999,95290001,92790001,95000000,31408900
05/02/2018,94989998,95169998,93190002,93510002,27471000
05/03/2018,92959999,94930000,92449997,94070000,31142500
05/04/2018,93320000,95370003,92919998,95160004,22531300
05/07/2018,95169998,96709999,95099998,96220001,24242000
05/08/2018,95849998,96160004,95059998,95809998,23484600
05/09/2018,96010002,96970001,95050003,96940002,27327400
05/10/2018,97459999,97949997,97050003,97910004,22388100
05/11/2018,97800003,97870003,97040001,97699997,16778300
05/14/2018,97919998,98690002,97309998,98029999,19454100
05/15/2018,97239998,97849998,96339996,97320000,24594000
05/16/2018,97360001,97400002,96620003,97150002,17384700
05/17/2018,96760002,97540001,95830002,96180000,17246700
05/18/2018,96010002,96930000,96010002,96360001,17865800
05/21/2018,97000000,98010002,96800003,97599998,19422500
05/22/2018,97680000,98169998,97199997,97500000,15441200
05/23/2018,96709999,98730003,96320000,98660004,21251200
05/24/2018,98730003,98940002,96809998,98309998,26649300
05/25/2018,98300003,98980003,97860001,98360001,18363900
05/29/2018,97839996,98879997,97230003,98010002,28671000
05/30/2018,98309998,99250000,97910004,98949997,22158500
05/31/2018,99290001,99989998,98610001,98839996,34140900
06/01/2018,99279999,100860001,99169998,100790001,28655600
06/04/2018,101260002,101860001,100849998,101669998,27281600
06/05/2018,102000000,102330002,101529999,102190002,23514400
06/06/2018,102480003,102599998,101900002,102489998,21122900
06/07/2018,102650002,102690002,100379997,100879997,28232200
06/08/2018,101089996,101949997,100540001,101629997,22165100
06/11/2018,101010002,101589996,100669998,101050003,23490900
06/12/2018,101099998,101449997,100750000,101309998,18325200
06/13/2018,101720001,102010002,100559998,100849998,29492900
06/14/2018,101650002,102029999,101000000,101419998,25691800
06/15/2018,101510002,101529999,100070000,100129997,65738600
06/18/2018,100010002,101110001,99419998,100860001,23586000
06/19/2018,99650002,101000000,99500000,100860001,28653100
06/20/2018,101370003,102519997,101120003,101870003,26180800
06/21/2018,102080002,102459999,100879997,101139999,23198200
06/22/2018,100410004,100769997,99629997,100410004,38923100
06/25/2018,100000000,100110001,97300003,98389999,35433300
06/26/2018,98820000,100080002,98750000,99080002,26897200
06/27/2018,99580002,100019997,97400002,97540001,31298400
06/28/2018,97379997,99110001,97260002,98629997,26650700
06/29/2018,98930000,99910004,98330002,98610001,28053200
07/02/2018,98099998,100059998,98000000,100010002,19564500
07/03/2018,100480003,100629997,98940002,99050003,14670300
07/05/2018,99500000,99919998,99029999,99760002,18977400
07/06/2018,99889999,101430000,99669998,101160004,19234600
07/09/2018,101650002,102250000,101250000,101849998,18212000
07/10/2018,102000000,102510002,101860001,102120003,19293100
07/11/2018,101150002,102339996,101099998,101980003,19644600
07/12/2018,102769997,104410004,102730003,104190002,24335900
07/13/2018,104370003,105599998,104089996,105430000,24635200
07/16/2018,105400002,105820000,104519997,104910004,21786900
07/17/2018,104610001,106500000,104320000,105949997,25901700
07/18/2018,105940002,106050003,104720001,105120003,29493900
07/19/2018,104930000,105309998,103889999,104400002,40171600
07/20/2018,108080002,108199997,106080002,106269997,56004000
07/23/2018,106300003,108139999,106129997,107970001,29707000
07/24/2018,108570000,108820000,107260002,107660004,26316600
07/25/2018,107959999,111150002,107599998,110830002,30702100
07/26/2018,110739998,111000000,109500000,109620003,31372100
07/27/2018,110180000,110180000,106139999,107680000,37005300
07/30/2018,107190002,107529999,104760002,105370003,34668300
07/31/2018,106489998,106720001,105379997,106080002,27655200
08/01/2018,106029999,106449997,105419998,106279999,23628700
08/02/2018,105400002,108089996,104839996,107570000,26104300
08/03/2018,107800003,108050003,106820000,108040001,18659600
08/06/2018,108120003,108419998,107559998,108129997,20265900
08/07/2018,108559998,109099998,108169998,108879997,16080200
08/08/2018,109330002,109750000,108760002,109489998,15487500
08/09/2018,109709999,110160004,109599998,109669998,13677200
08/10/2018,109419998,109690002,108379997,109000000,18183700
08/13/2018,109239998,109580002,108099998,108209999,18472500
08/14/2018,108559998,109750000,108040001,109559998,16788300
08/15/2018,108489998,108989998,106820000,107660004,29982800
08/16/2018,108300003,108860001,107300003,107639999,21384300
08/17/2018,107360001,107900002,106690002,107580002,18061500
08/20/2018,107510002,107900002,106480003,106870003,17914200
08/21/2018,106919998,107349998,105849998,105980003,22881900
08/22/2018,105849998,107339996,105779999,107059998,18000600
08/23/2018,107150002,108180000,106870003,107559998,18167700
08/24/2018,107669998,108559998,107559998,108400002,17234000
08/27/2018,109269997,109639999,108510002,109599998,19662300
08/28/2018,109940002,110500000,109790001,110260002,19151500
08/29/2018,110449997,112029999,110269997,112019997,20818000
08/30/2018,111669998,112610001,111440002,111949997,22798700
08/31/2018,111690002,112779999,111519997,112330002,23222700
09/04/2018,110849998,111959999,110220001,111709999,22634600
09/05/2018,111010002,111419998,108099998,108489998,32872400
09/06/2018,108250000,108989998,107510002,108739998,23477600
09/07/2018,108230003,108720001,107230003,108209999,22498600
09/10/2018,108839996,109639999,108360001,109379997,20727900
09/11/2018,108900002,111589996,108889999,111239998,24301800
09/12/2018,111430000,111849998,110510002,111709999,18891100
09/13/2018,112120003,113730003,112120003,112910004,26055600
09/14/2018,113360001,113730003,112440002,113370003,19122300
09/17/2018,113690002,113699997,111860001,112139999,20736500
09/18/2018,112190002,113699997,111720001,113209999,22170900
09/19/2018,113050003,113320000,111040001,111699997,21728400
09/20/2018,112279999,113800003,111930000,113570000,23714500
09/21/2018,114000000,115290001,113510002,114260002,71229700
09/24/2018,113029999,114900002,112220001,114669998,27334500
09/25/2018,114800003,115099998,113750000,114449997,22668000
09/26/2018,114470001,115059998,113739998,113980003,19352000
09/27/2018,114779999,114910004,114199997,114410004,19091300
09/28/2018,114190002,114570000,113680000,114370003,21647800
10/01/2018,114750000,115680000,114730003,115610001,18883100
10/02/2018,115300003,115839996,114440002,115150002,20787200
10/03/2018,115419998,116180000,114930000,115169998,16648000
10/04/2018,114610001,114760002,111629997,112790001,34821700
10/05/2018,112629997,113169998,110639999,112129997,29068900
10/08/2018,111660004,112029999,109339996,110849998,29640600
10/09/2018,111139999,113080002,110800003,112260002,26198600
10/10/2018,111239998,111500000,105790001,106160004,61376300
10/11/2018,105349998,108930000,104199997,105910004,63904300
10/12/2018,109010002,111239998,107120003,109570000,47742100
10/15/2018,108910004,109480003,106949997,107599998,32068100
10/16/2018,109540001,111410004,108949997,111000000,31610200
10/17/2018,111680000,111809998,109550003,110709999,26548200
10/18/2018,110099998,110529999,107830002,108500000,32506200
10/19/2018,108930000,110860001,108209999,108660004,32785500
10/22/2018,109320000,110540001,108239998,109629997,26545600
10/23/2018,107769997,108970001,105110001,108099998,43770400
10/24/2018,108410004,108489998,101589996,102320000,63897800
10/25/2018,106550003,109269997,106150002,108300003,61646800
10/26/2018,105690002,108750000,104760002,106959999,55523100
10/29/2018,108110001,108699997,101629997,103849998,55162000
10/30/2018,103660004,104379997,100110001,103730003,65350900
10/31/2018,105440002,108139999,105389999,106809998,51062400
11/01/2018,107050003,107320000,105529999,105919998,33384200
11/02/2018,106480003,107320000,104980003,106160004,37680200
11/05/2018,106370003,107739998,105900002,107510002,27922100
11/06/2018,107379997,108839996,106279999,107720001,24340200
11/07/2018,109440002,112239998,109400002,111959999,37901700
11/08/2018,111800003,112209999,110910004,111750000,25644100
11/09/2018,110849998,111449997,108760002,109570000,32039200
11/12/2018,109419998,109959999,106099998,106870003,33621800
11/13/2018,107550003,108739998,106639999,106940002,35374600
11/14/2018,108099998,108260002,104470001,104970001,39495100
11/15/2018,104989998,107800003,103910004,107279999,38505200
11/16/2018,107080002,108879997,106800003,108290001,33502100
11/19/2018,108269997,108559998,103550003,104620003,44773900
11/20/2018,101800003,102970001,99349998,101709999,64052500
11/21/2018,103599998,104430000,102239998,103110001,28130600
11/23/2018,102169998,103809998,102000000,103070000,13823100
11/26/2018,104790001,106629997,104580002,106470001,32336200
11/27/2018,106269997,107330002,105360001,107139999,29124500
11/28/2018,107889999,111330002,107860001,111120003,46788500
11/29/2018,110330002,111120003,109029999,110190002,28123200
11/30/2018,110699997,110970001,109360001,110889999,33665600
12/03/2018,113000000,113419998,110730003,112089996,34732800
12/04/2018,111940002,112639999,108209999,108519997,45197000
12/06/2018,105820000,109239998,105000000,109190002,49107400
12/07/2018,108379997,109449997,104300003,104820000,45044900
12/10/2018,104800003,107980003,103889999,107589996,40801500
12/11/2018,109800003,110949997,107440002,108589996,42381900
12/12/2018,110889999,111269997,109040001,109080002,36183000
12/13/2018,109580002,110870003,108629997,109449997,31333400
12/14/2018,108250000,109260002,105500000,106029999,47043100
12/17/2018,105410004,105800003,101709999,102889999,56957300
12/18/2018,103750000,104510002,102519997,103970001,49319200
12/19/2018,103650002,106879997,101349998,103690002,68198200
12/20/2018,103050003,104309998,98779999,101510002,70334200
12/21/2018,101629997,103000000,97459999,98230003,111242100
12/24/2018,97680000,97970001,93980003,94129997,43935200
12/26/2018,95139999,100690002,93959999,100559998,51634800
12/27/2018,99300003,101190002,96400002,101180000,49498500
12/28/2018,102089996,102410004,99519997,100389999,38196300
12/31/2018,101290001,102400002,100440002,101570000,33173800
01/02/2019,99550003,101750000,98940002,101120003,35329300
01/03/2019,100099998,100190002,97199997,97400002,42579100
01/04/2019,99720001,102510002,98930000,101930000,44060600
01/07/2019,101639999,103269997,100980003,102059998,35656100
01/08/2019,103040001,103970001,101709999,102800003,31514400
01/09/2019,103860001,104879997,103239998,104269997,32280800
01/10/2019,103220001,103750000,102379997,103599998,30067600
01/11/2019,103190002,103440002,101639999,102800003,28314200
01/14/2019,101900002,102870003,101260002,102050003,28437100
01/15/2019,102510002,105050003,101879997,105010002,31587600
01/16/2019,105260002,106260002,104959999,105379997,29853900
01/17/2019,105000000,106629997,104760002,106120003,28393000
01/18/2019,107459999,107900002,105910004,107709999,37427600
01/22/2019,106750000,107099998,104860001,105680000,32371300
01/23/2019,106120003,107040001,105339996,106709999,25874300
01/24/2019,106860001,107000000,105339996,106199997,23164800
01/25/2019,107239998,107879997,106199997,107169998,31225600
01/28/2019,106260002,106480003,104660004,105080002,29476700
01/29/2019,104879997,104970001,102169998,102940002,31490500
01/30/2019,104620003,106379997,104330002,106379997,49471900
01/31/2019,103800003,105220001,103180000,104430000,55636400
02/01/2019,103779999,104099998,102349998,102779999,35535700
02/04/2019,102870003,105800003,102769997,105739998,31315100
02/05/2019,106059998,107269997,105959999,107220001,27325400
02/06/2019,107000000,107000000,105529999,106029999,20609800
02/07/2019,105190002,105589996,104290001,105269997,29760700
02/08/2019,104389999,105779999,104260002,105669998,21461100
02/11/2019,106199997,106580002,104970001,105250000,18914100
02/12/2019,106139999,107139999,105480003,106889999,25056600
02/13/2019,107500000,107779999,106709999,106809998,18394900
02/14/2019,106309998,107290001,105660004,106900002,21784700
02/15/2019,107910004,108300003,107360001,108220001,26606900
02/19/2019,107790001,108660004,107779999,108169998,18038500
02/20/2019,107860001,107940002,106290001,107150002,21607700
02/21/2019,106900002,109480003,106870003,109410004,29063200
02/22/2019,110050003,111199997,109820000,110970001,27763200
02/25/2019,111760002,112180000,111260002,111589996,23750600
02/26/2019,111260002,113239998,111169998,112360001,21536700
02/27/2019,111690002,112360001,110879997,112169998,21487100
02/28/2019,112040001,112879997,111730003,112029999,29083900
03/01/2019,112889999,113019997,111669998,112529999,23501200
03/04/2019,113019997,113250000,110800003,112260002,26608000
03/05/2019,112250000,112389999,111230003,111699997,19538300
03/06/2019,111870003,112660004,111430000,111750000,17687000
03/07/2019,111400002,111550003,109870003,110389999,25339000
03/08/2019,109160004,110709999,108800003,110510002,22818400
03/11/2019,110989998,112949997,110980003,112830002,26491600
03/12/2019,112820000,113989998,112650002,113620003,26132700
03/13/2019,114129997,115000000,113779999,114500000,35513800
03/14/2019,114540001,115199997,114330002,114589996,30763400
03/15/2019,115339996,117250000,114589996,115910004,54681100
03/18/2019,116169998,117610001,116050003,117570000,31207600
03/19/2019,118089996,118440002,116989998,117650002,37588700
03/20/2019,117389999,118750000,116709999,117519997,28113300
03/21/2019,117139999,120820000,117089996,120220001,29854400
03/22/2019,119500000,119589996,117040001,117050003,33624500
03/25/2019,116559998,118010002,116320000,117660004,27067100
03/26/2019,118620003,118709999,116849998,117910004,26097700
03/27/2019,117879997,118209999,115519997,116769997,22733400
03/28/2019,117440002,117580002,116129997,116930000,18334800
03/29/2019,118070000,118320000,116959999,117940002,25399800
04/01/2019,118949997,119110001,118099998,119019997,22789100
04/02/2019,119059998,119480003,118519997,119190002,18142300
04/03/2019,119860001,120430000,119150002,119970001,22860700
04/04/2019,120099998,120230003,118379997,119360001,20112800
04/05/2019,119389999,120230003,119370003,119889999,15826200
04/08/2019,119809998,120019997,118639999,119930000,15116200
04/09/2019,118629997,119540001,118580002,119279999,17612000
04/10/2019,119760002,120349998,119540001,120190002,16477200
04/11/2019,120540001,120849998,119919998,120330002,14209100
04/12/2019,120639999,120980003,120370003,120949997,19745100
04/15/2019,120940002,121580002,120570000,121050003,15792600
04/16/2019,121639999,121650002,120099998,120769997,14071800
04/17/2019,121239998,121849998,120540001,121769997,19300900
04/18/2019,122190002,123519997,121300003,123370003,27991000
04/22/2019,122620003,124000000,122570000,123760002,15648700
04/23/2019,124099998,125580002,123830002,125440002,24025500
04/24/2019,125790001,125849998,124519997,125010002,31257000
04/25/2019,130059998,131369995,128830002,129149994,38033900
04/26/2019,129699997,130520004,129020004,129889999,23654900
04/29/2019,129899994,130179993,129350006,129770004,16324200
04/30/2019,129809998,130699997,129389999,130600006,24166500
05/01/2019,130529999,130649994,127699997,127879997,26821700
05/02/2019,127980003,128000000,125519997,126209999,27350200
05/03/2019,127360001,129429993,127250000,128899994,24911100
05/06/2019,126389999,128559998,126110001,128149994,24239800
05/07/2019,126459999,127180000,124220001,125519997,36017700
05/08/2019,125440002,126370003,124750000,125510002,28419000
05/09/2019,124290001,125790001,123570000,125500000,27235800
05/10/2019,124910004,127930000,123820000,127129997,30915100
05/13/2019,124110001,125550003,123040001,123349998,33944900
05/14/2019,123870003,125879997,123699997,124730003,25266300
05/15/2019,124260002,126709999,123699997,126019997,24722700
05/16/2019,126750000,129380005,126459999,128929993,30112200
05/17/2019,128309998,130460007,127919998,128070007,25770500
05/20/2019,126519997,127589996,125760002,126220001,23706900
05/21/2019,127430000,127529999,126580002,126900002,15293300
05/22/2019,126620003,128240005,126519997,127669998,15396500
05/23/2019,126199997,126290001,124739998,126180000,23603800
05/24/2019,126910004,127419998,125970001,126239998,14123400
05/28/2019,126980003,128000000,126050003,126160004,23128400
05/29/2019,125379997,125389999,124040001,124940002,22763100
05/30/2019,125260002,125760002,124779999,125730003,16829600
05/31/2019,124230003,124620003,123320000,123680000,26646800
06/03/2019,123849998,124370003,119010002,119839996,37983600
06/04/2019,121279999,123279999,120650002,123160004,29382600
06/05/2019,124949997,125870003,124209999,125830002,24926100
06/06/2019,126440002,127970001,125599998,127820000,21459000
06/07/2019,129190002,132250000,128259995,131399994,33885600
06/10/2019,132399994,134080002,132000000,132600006,26477100
06/11/2019,133880005,134240005,131279999,132100006,23913700
06/12/2019,131399994,131970001,130710007,131490005,17092500
06/13/2019,131979996,133000000,131559998,132320007,17200800
06/14/2019,132259995,133789993,131639999,132449997,17821700
06/17/2019,132630005,133729996,132529999,132850006,14517800
06/18/2019,134190002,135240005,133570007,135160004,25934500
06/19/2019,135000000,135929993,133809998,135690002,23744400
06/20/2019,137449997,137660004,135720001,136949997,33042600
06/21/2019,136580002,137729996,136460007,136970001,36727900
06/24/2019,137000000,138399994,137000000,137779999,20628800
06/25/2019,137250000,137589996,132729996,133429993,33327400
06/26/2019,134350006,135740005,133600006,133929993,23657700
06/27/2019,134139999,134710007,133509995,134149994,16557500
06/28/2019,134570007,134600006,133160004,133960007,30043000
07/01/2019,136630005,136699997,134970001,135679993,22613500
07/02/2019,136119995,136589996,135339996,136580002,15237800
07/03/2019,136800003,137740005,136289993,137460007,13629300
07/05/2019,135940002,137330002,135720001,137059998,18141100
07/08/2019,136399994,137100006,135369995,136960007,16779700
07/09/2019,136000000,136970001,135800003,136460007,19953100
07/10/2019,137130005,138580002,137020004,137850006,24204400
07/11/2019,138199997,139220001,137869995,138399994,22327900
07/12/2019,138850006,139130005,138009995,138899994,18936800
07/15/2019,139440002,139539993,138460007,138899994,16651500
07/16/2019,138960007,139050003,136520004,137080002,22726100
07/17/2019,137699997,137929993,136220001,136270004,20211000
07/18/2019,135550003,136619995,134669998,136419998,30381800
07/19/2019,140220001,140669998,136449997,136619995,48992400
07/22/2019,137410004,139190002,137330002,138429993,25074900
07/23/2019,139759995,139990005,138029999,139289993,18034600
07/24/2019,138899994,140740005,138850006,140720001,20738300
07/25/2019,140429993,140610001,139320007,140190002,18356900
07/26/2019,140369995,141679993,140300003,141339996,19037600
07/29/2019,141500000,141509995,139369995,141029999,16605900
07/30/2019,140139999,141220001,139800003,140350006,16846500
07/31/2019,140330002,140490005,135080002,136270004,38598800
08/01/2019,137000000,140940002,136929993,138059998,40557500
08/02/2019,138089996,138320007,135259995,136899994,30791600
08/05/2019,133300003,133929993,130779999,132210007,42749600
08/06/2019,133800003,135679993,133210007,134690002,32696700
08/07/2019,133789993,135649994,131830002,135279999,33414500
08/08/2019,136600006,138990005,135929993,138889999,27496500
08/09/2019,138610001,139380005,136460007,137710007,23466700
08/12/2019,137070007,137860001,135240005,135789993,20484300
08/13/2019,136050003,138800003,135000000,138600006,25154600
08/14/2019,136360001,136919998,133669998,133979996,32527300
08/15/2019,134389999,134580002,132250000,133679993,28074400
08/16/2019,134880005,136460007,134720001,136130005,24449100
08/19/2019,137850006,138550003,136889999,138410004,24355700
08/20/2019,138210007,138710007,137240005,137259995,21170800
08/21/2019,138550003,139490005,138000000,138789993,14970300
08/22/2019,138660004,139199997,136289993,137779999,18697000
08/23/2019,137190002,138350006,132800003,133389999,38508600
08/26/2019,134990005,135559998,133899994,135449997,20312600
08/27/2019,136389999,136720001,134660004,135740005,23102100
08/28/2019,134880005,135759995,133550003,135559998,17393300
08/29/2019,137250000,138440002,136910004,138119995,20168700
08/30/2019,139149994,139179993,136270004,137860001,23940100
09/03/2019,136610001,137199997,135699997,136039993,18869300
09/04/2019,137300003,137690002,136479996,137630005,17995900
09/05/2019,139110001,140380005,138759995,140050003,26101800
09/06/2019,140029999,140179993,138199997,139100006,20824500
09/09/2019,139589996,139750000,136460007,137520004,25773900
09/10/2019,136800003,136889999,134509995,136080002,28903400
09/11/2019,135910004,136270004,135089996,136119995,24726100
09/12/2019,137850006,138419998,136869995,137520004,27010000
09/13/2019,137779999,138059998,136570007,137320007,23363100
09/16/2019,135830002,136699997,135660004,136330002,16731400
09/17/2019,136960007,137520004,136429993,137389999,17814200
09/18/2019,137360001,138669998,136529999,138520004,23982100
09/19/2019,140300003,142369995,140070007,141070007,35772100
09/20/2019,141009995,141649994,138250000,139440002,39167300
09/23/2019,139229996,139630005,138440002,139139999,17139300
09/24/2019,140360001,140690002,136880005,137380005,29773200
09/25/2019,137500000,139960007,136029999,139360001,21382000
09/26/2019,139440002,140179993,138440002,139539993,17456600
09/27/2019,140149994,140360001,136649994,137729996,22477700
09/30/2019,138050003,139220001,137779999,139029999,17280900
10/01/2019,139660004,140250000,137000000,137070007,21466600
10/02/2019,136250000,136369995,133580002,134649994,30521700
10/03/2019,134949997,136750000,133220001,136279999,24132900
10/04/2019,136750000,138250000,136419998,138119995,22897700
10/07/2019,137139999,138179993,137020004,137119995,15303700
10/08/2019,137080002,137759995,135619995,135669998,25550500
10/09/2019,137460007,138699997,136970001,138240005,19749900
10/10/2019,138490005,139669998,138250000,139100006,17654600
10/11/2019,140119995,141029999,139500000,139679993,25446000
10/14/2019,139690002,140289993,139520004,139550003,13304300
10/15/2019,140059998,141789993,139809998,141570007,19695700
10/16/2019,140789993,140990005,139529999,140410004,20751600
10/17/2019,140949997,141419998,139020004,139690002,21460600
10/18/2019,139759995,140000000,136559998,137410004,32273500
10/21/2019,138449997,138500000,137009995,138429993,20078200
10/22/2019,138970001,140009995,136259995,136369995,27431000
10/23/2019,136880005,137449997,135610001,137240005,29844600
10/24/2019,139389999,140419998,138669998,139940002,37029300
10/25/2019,139339996,141139999,139199997,140729996,25959700
10/28/2019,144399994,145669998,143509995,144190002,35280100
10/29/2019,144080002,144500000,142649994,142830002,20589500
10/30/2019,143520004,145000000,142789993,144610001,18496600
10/31/2019,144899994,144929993,142990005,143369995,24605100
11/01/2019,144259995,144419998,142970001,143720001,33128400
11/04/2019,144830002,145000000,144160004,144550003,16912000
11/05/2019,144970001,145020004,143910004,144460007,18250200
11/06/2019,144369995,144520004,143199997,144059998,16575800
11/07/2019,143839996,144880005,143770004,144259995,17786700
11/08/2019,143979996,145990005,143759995,145960007,16732700
11/11/2019,145339996,146419998,144729996,146110001,14362600
11/12/2019,146279999,147570007,146059998,147070007,18641600
11/13/2019,146740005,147460007,146279999,147309998,16919200
11/14/2019,147020004,148410004,147000000,148059998,19729800
11/15/2019,148929993,149990005,148270004,149970001,23485700
11/18/2019,150070007,150550003,148979996,150339996,21534000
11/19/2019,150880005,151330002,150199997,150389999,23935700
11/20/2019,150309998,150839996,148460007,149619995,25696800
11/21/2019,149399994,149800003,148500000,149479996,18576100
11/22/2019,150070007,150300003,148820007,149589996,15901800
11/25/2019,150000000,151350006,149919998,151229996,22420900
11/26/2019,151360001,152419998,151320007,152029999,24620100
11/27/2019,152330002,152500000,151520004,152320007,15184400
11/29/2019,152100006,152300003,151279999,151380005,11977300
12/02/2019,151809998,151830002,148320007,149550003,27418400
12/03/2019,147490005,149429993,146649994,149309998,24066000
12/04/2019,150139999,150179993,149199997,149850006,17574700
12/05/2019,150050003,150320007,149479996,149929993,17869100
12/06/2019,150990005,151869995,150270004,151750000,16403500
12/09/2019,151070007,152210007,150910004,151360001,16687400
12/10/2019,151289993,151889999,150759995,151130005,16476100
12/11/2019,151539993,151869995,150330002,151699997,18856600
12/12/2019,151649994,153440002,151020004,153240005,24612100
12/13/2019,153000000,154889999,152830002,154529999,23845400
12/16/2019,155110001,155899994,154820007,155529999,24144200
12/17/2019,155449997,155710007,154449997,154690002,25425600
12/18/2019,154300003,155479996,154179993,154369995,24129200
12/19/2019,154000000,155770004,153750000,155710007,24958900
12/20/2019,157350006,158490005,156289993,157410004,53477500
12/23/2019,158119995,158119995,157270004,157410004,17718200
12/24/2019,157479996,157710007,157119995,157380005,8989200
12/26/2019,157559998,158729996,157399994,158669998,14520600
12/27/2019,159449997,159550003,158220001,158960007,18412800
12/30/2019,158990005,159020004,156729996,157589996,16348400
12/31/2019,156770004,157770004,156449997,157699997,18369400
01/02/2020,158779999,160729996,158330002,160619995,22622100
01/03/2020,158320007,159949997,158059998,158619995,21116200
01/06/2020,157080002,159100006,156509995,159029999,20813700
01/07/2020,159320007,159669998,157320007,157580002,21634100
01/08/2020,158929993,160800003,157949997,160089996,27746500
01/09/2020,161839996,162220001,161029999,162089996,21385000
01/10/2020,162820007,163220001,161179993,161339996,20725900
01/13/2020,161759995,163309998,161259995,163279999,21626500
01/14/2020,163389999,163600006,161720001,162130005,23477400
01/15/2020,162619995,163940002,162570007,163179993,21417900
01/16/2020,164350006,166240005,164029999,166169998,23865400
01/17/2020,167419998,167470001,165429993,167100006,34371700
01/21/2020,166679993,168190002,166429993,166500000,29517200
01/22/2020,167399994,167490005,165679993,165699997,24138800
01/23/2020,166190002,166800003,165270004,166720001,19680800
01/24/2020,167509995,167529999,164449997,165039993,24918100
01/27/2020,161149994,163380005,160199997,162279999,32078100
01/28/2020,163779999,165759995,163070007,165460007,24899900
01/29/2020,167839996,168750000,165690002,168039993,34754500
01/30/2020,174050003,174050003,170789993,172779999,51597500
01/31/2020,172210007,172399994,169580002,170229996,36142700
02/03/2020,170429993,174500000,170399994,174380005,30107000
02/04/2020,177139999,180639999,176309998,180119995,36433300
02/05/2020,184029999,184199997,178410004,179899994,39186300
02/06/2020,180970001,183820007,180059998,183630005,27751400
02/07/2020,182850006,185630005,182479996,183889999,33529100
02/10/2020,183580002,188839996,183250000,188699997,35844300
02/11/2020,190649994,190699997,183500000,184440002,53159900
02/12/2020,185580002,185850006,181850006,184710007,47062900
02/13/2020,183080002,186229996,182869995,183710007,35295800
02/14/2020,183250000,185410004,182649994,185350006,23149500
02/18/2020,185610001,187699997,185500000,187229996,27792200
02/19/2020,188059998,188179993,186470001,187279999,29997500
02/20/2020,186949997,187250000,181100006,184419998,36862400
02/21/2020,183169998,183500000,177250000,178589996,48572600
02/24/2020,167770004,174550003,163229996,170889999,68311100
02/25/2020,174199997,174839996,167649994,168070007,68073300
02/26/2020,169710007,173259995,168210007,170169998,56206100
02/27/2020,163320007,167029999,157979996,158179993,93174900
02/28/2020,152410004,163710007,152000000,162009995,97012700
03/02/2020,165309998,172919998,162309998,172789993,71030800
03/03/2020,173800003,175000000,162259995,164509995,71677000
03/04/2020,168490005,170699997,165619995,170550003,49814400
03/05/2020,166050003,170869995,165690002,166270004,47817300
03/06/2020,162610001,163110001,156000000,161570007,72821100
03/09/2020,151000000,157750000,150000000,150619995,70419300
03/10/2020,158160004,161029999,152580002,160919998,65354400
03/11/2020,157130005,157699997,151149994,153630005,56371600
03/12/2020,145300003,153470001,138580002,139059998,93226400
03/13/2020,147500000,161910004,140729996,158830002,92727400
03/16/2020,140000000,149350006,135000000,135419998,87905900
03/17/2020,140000000,147500000,135000000,146570007,81059800
03/18/2020,138000000,146000000,135020004,140399994,81593200
03/19/2020,142770004,150149994,139000000,142710007,85922700
03/20/2020,146000000,147100006,135860001,137350006,84866200
03/23/2020,137009995,140570007,132520004,135979996,78975200
03/24/2020,143750000,149600006,141270004,148339996,82516700
03/25/2020,148910004,154330002,144440002,146919998,75638200
03/26/2020,148399994,156660004,148369995,156110001,64568100
03/27/2020,151750000,154889999,149199997,149699997,57042300
03/30/2020,152440002,160600006,150009995,160229996,63420300
03/31/2020,159399994,164779999,156559998,157710007,77927200
04/01/2020,153000000,157750000,150820007,152110001,57969900
04/02/2020,151860001,155479996,150360001,155259995,49630700
04/03/2020,155100006,157380005,152190002,153830002,41243300
04/06/2020,160320007,166500000,157580002,165270004,67111700
04/07/2020,169589996,170000000,163259995,163490005,62769000
04/08/2020,165669998,166669998,163500000,165130005,48318200
04/09/2020,166360001,167369995,163330002,165139999,51385100
04/13/2020,164350006,165570007,162300003,165509995,41905300
04/14/2020,169000000,173750000,168000000,173699997,52874300
04/15/2020,171199997,173570007,169240005,171880005,40940800
04/16/2020,174300003,177279999,172899994,177039993,50479600
04/17/2020,179500000,180000000,175869995,178600006,52765600
04/20/2020,176630005,178750000,174990005,175059998,36669600
04/21/2020,173500000,173669998,166110001,167820007,56203700
04/22/2020,171389999,174000000,170820007,173520004,34620200
04/23/2020,174110001,175059998,170910004,171419998,32790800
04/24/2020,172059998,174559998,170710007,174550003,34277600
04/27/2020,176589996,176899994,173300003,174050003,33194400
04/28/2020,175589996,175669998,169389999,169809998,34392700
04/29/2020,173220001,177679993,171880005,177429993,51286600
04/30/2020,180000000,180399994,176229996,179210007,53875900
05/01/2020,175800003,178639999,174009995,174570007,39370500
05/04/2020,174490005,179000000,173800003,178839996,30372900
05/05/2020,180619995,183649994,179899994,180759995,36839200
05/06/2020,182080002,184199997,181630005,182539993,32139300
05/07/2020,184169998,184550003,182580002,183600006,28316000
05/08/2020,184979996,185000000,183360001,184679993,30877800
05/11/2020,183149994,187509995,182850006,186740005,30892700
05/12/2020,186800003,187039993,182300003,182509995,32038200
05/13/2020,182550003,184050003,176539993,179750000,44711500
05/14/2020,177539993,180690002,175679993,180529999,41873900
05/15/2020,179059998,187059998,177000000,183160004,46610400
05/18/2020,185750000,186199997,183960007,184910004,35264500
05/19/2020,185029999,186600006,183490005,183630005,26799100
05/20/2020,184809998,185850006,183940002,185660004,31261300
05/21/2020,185399994,186669998,183289993,183429993,29119500
05/22/2020,183190002,184460007,182539993,183509995,20826900
05/26/2020,186339996,186500000,181100006,181570007,36073600
05/27/2020,180199997,181990005,176600006,181809998,39517100
05/28/2020,180740005,184149994,180380005,181399994,33810200
05/29/2020,182729996,184270004,180410004,183250000,42130400
06/01/2020,182539993,183000000,181460007,182830002,22622400
06/02/2020,184250000,185000000,181350006,184910004,30794600
06/03/2020,184820007,185940002,183580002,185360001,27311000
06/04/2020,184300003,185839996,182300003,182919998,28761800
06/05/2020,182619995,187729996,182009995,187199997,39893600
06/08/2020,185940002,188550003,184440002,188360001,33211600
06/09/2020,188000000,190699997,187259995,189800003,29783900
06/10/2020,191130005,198520004,191009995,196839996,43872300
06/11/2020,193130005,195759995,186070007,186270004,52854700
06/12/2020,190539993,191720001,185179993,187740005,43373600
06/15/2020,184580002,190820007,184009995,188940002,32770200
06/16/2020,192889999,195580002,191460007,193570007,42556700
06/17/2020,195029999,196320007,193690002,194240005,25687800
06/18/2020,194000000,196490005,194000000,196320007,23061600
06/19/2020,198589996,199289993,194369995,195149994,44441100
06/22/2020,195789993,200759995,195229996,200570007,32818900
06/23/2020,202089996,203949997,201429993,201910004,30917400
06/24/2020,201600006,203250000,196559998,197839996,36740600
06/25/2020,197800003,200610001,195470001,200339996,27803900
06/26/2020,199729996,199889999,194880005,196330002,54675800
06/29/2020,195779999,198529999,193550003,198440002,26701600
06/30/2020,197880005,204399994,197740005,203509995,34310300
07/01/2020,203139999,206350006,201770004,204699997,32061200
07/02/2020,205679993,208020004,205000000,206259995,29315800
07/06/2020,208830002,211130005,208089996,210699997,31897600
07/07/2020,210449997,214669998,207990005,208250000,33600700
07/08/2020,210070007,213259995,208690002,212830002,33600000
07/09/2020,216330002,216380005,211470001,214320007,33121700
07/10/2020,213619995,214080002,211080002,213669998,26177600
07/13/2020,214479996,215800003,206500000,207070007,38135600
07/14/2020,206130005,208850006,202029999,208350006,37591800
07/15/2020,209559998,211330002,205029999,208039993,32179400
07/16/2020,205399994,205699997,202309998,203919998,29940700
07/17/2020,204470001,205039993,201389999,202880005,31635300
07/20/2020,205000000,212300003,203009995,211600006,36884800
07/21/2020,213660004,213940002,208029999,208750000,37990400
07/22/2020,209199997,212300003,208389999,211750000,49605700
07/23/2020,207190002,210919998,202149994,202539993,67457000
07/24/2020,200419998,202860001,197509995,201300003,39827000
07/27/2020,201470001,203970001,200860001,203850006,30160900
07/28/2020,203610001,204699997,201740005,202020004,23251400
07/29/2020,202500000,204649994,202009995,204059998,19632600
07/30/2020,201000000,204460007,199570007,203899994,25079600
07/31/2020,204399994,205100006,199009995,205009995,51044000
08/03/2020,211520004,217639999,210440002,216539993,78983000
08/04/2020,214169998,214770004,210309998,213289993,49280100
08/05/2020,214899994,215000000,211570007,212940002,28806400
08/06/2020,212339996,216369995,211550003,216350006,32656800
08/07/2020,214850006,215699997,210929993,212479996,27820400
08/10/2020,211669998,211880005,206350006,208250000,36716500
08/11/2020,207160004,207649994,203139999,203380005,36446500
08/12/2020,205289993,210279999,204750000,209190002,28013100
08/13/2020,209440002,211350006,208149994,208699997,22588900
08/14/2020,208759995,209589996,207509995,208899994,17958900
08/17/2020,209600006,211190002,208919998,210279999,20184800
08/18/2020,210529999,212360001,209210007,211490005,21336200
08/19/2020,211490005,212100006,209250000,209699997,27627600
08/20/2020,209539993,215000000,208910004,214580002,26981500
08/21/2020,213860001,216250000,212850006,213020004,36249300
08/24/2020,214789993,215520004,212429993,213690002,25460100
08/25/2020,213100006,216610001,213100006,216470001,23043700
08/26/2020,217880005,222089996,217360001,221149994,39600800
08/27/2020,222889999,231149994,219399994,226580002,57602200
08/28/2020,228179993,230639999,226580002,228910004,26292900
08/31/2020,227000000,228699997,224309998,225529999,28774200
09/01/2020,225509995,227449997,224429993,227270004,25725500
09/02/2020,227970001,232860001,227350006,231649994,34080800
09/03/2020,229270004,229309998,214960007,217300003,58400300
09/04/2020,215100006,218360001,205190002,214250000,59664100
09/08/2020,206500000,210029999,202199997,202660004,52924300
09/09/2020,207600006,214839996,206699997,211289993,45679000
09/10/2020,213399994,214740005,204110001,205369995,35461500
09/11/2020,207199997,208630005,201240005,204029999,33620100
09/14/2020,204240005,209199997,204029999,205410004,30375800
09/15/2020,208419998,209779999,206929993,208779999,21823900
09/16/2020,210619995,210649994,204639999,205050003,26328100
09/17/2020,200050003,204330002,199960007,202910004,34011300
09/18/2020,202800003,203649994,196250000,200389999,55225300
09/21/2020,197190002,202710007,196380005,202539993,39839700
09/22/2020,205059998,208100006,202080002,207419998,33517100
09/23/2020,207899994,208100006,200029999,200589996,30803800
09/24/2020,199850006,205570007,199199997,203190002,31202500
09/25/2020,203550003,209039993,202539993,207820007,29437300
09/28/2020,210880005,212570007,208059998,209440002,32004900
09/29/2020,209350006,210070007,206809998,207259995,24221900
09/30/2020,207729996,211979996,206539993,210330002,33829100
10/01/2020,213490005,213990005,211320007,212460007,27158400
10/02/2020,208000000,210990005,205539993,206190002,33154800
10/05/2020,207220001,210410004,206979996,210380005,21331600
10/06/2020,208820007,210179993,204820007,205910004,28554300
10/07/2020,207059998,210110001,206720001,209830002,25681100
10/08/2020,210509995,211190002,208320007,210580002,19925800
10/09/2020,211229996,215860001,211229996,215809998,26458000
10/12/2020,218789993,223860001,216809998,221399994,40461400
10/13/2020,222720001,225210007,220429993,222860001,28950800
10/14/2020,223000000,224220001,219130005,220860001,23421700
10/15/2020,217100006,220360001,216009995,219660004,22733100
10/16/2020,220149994,222289993,219320007,219660004,26057900
10/19/2020,220419998,222300003,213720001,214220001,27625800
10/20/2020,215800003,217369995,213089996,214649994,22753500
10/21/2020,213119995,216919998,213119995,214800003,22724900
10/22/2020,213929993,216059998,211699997,214889999,22351500
10/23/2020,215029999,216279999,213160004,216229996,18879600
10/26/2020,213850006,216339996,208100006,210080002,37111600
10/27/2020,211589996,214669998,210330002,213250000,36700300
10/28/2020,207669998,208839996,202100006,202679993,51195600
10/29/2020,204070007,207360001,203369995,204720001,31432600
10/30/2020,203500000,204289993,199619995,202470001,36953700
11/02/2020,204289993,205279999,200119995,202330002,30842200
11/03/2020,203889999,208119995,203119995,206429993,27512000
11/04/2020,214020004,218320007,212419998,216389999,42311800
11/05/2020,222039993,224119995,221149994,223289993,36080100
11/06/2020,222259995,224360001,218029999,223720001,25231900
11/09/2020,224440002,228119995,217880005,218389999,44395000
11/10/2020,214500000,216500000,209720001,211009995,44045100
11/11/2020,212389999,218039993,212199997,216550003,29440800
11/12/2020,217210007,219110001,214460007,215440002,21593900
11/13/2020,216360001,217419998,214160004,216509995,18621100
11/16/2020,214869995,217740005,214520004,217229996,24953300
11/17/2020,216100006,217679993,214080002,214460007,24154100
11/18/2020,213649994,215169998,210929993,211080002,28372800
11/19/2020,211380005,213029999,209929993,212419998,24792700
11/20/2020,212199997,213289993,210000000,210389999,22843100
11/23/2020,210949997,212289993,208160004,210110001,25683500
11/24/2020,209589996,214250000,208860001,213860001,33979700
11/25/2020,215110001,215289993,212460007,213869995,21012900
11/27/2020,214850006,216270004,214039993,215229996,14512200
11/30/2020,214100006,214759995,210839996,214070007,33064800
12/01/2020,214509995,217320007,213350006,216210007,30904500
12/02/2020,214880005,215470001,212800003,215369995,23724500
12/03/2020,214610001,216380005,213649994,214240005,25120900
12/04/2020,214220001,215380005,213179993,214360001,24666000
12/07/2020,214369995,215539993,212990005,214289993,24620000
12/08/2020,213970001,216949997,212889999,216009995,23284100
12/09/2020,215160004,215229996,211210007,211800003,32440600
12/10/2020,211770004,213080002,210360001,210520004,26733300
12/11/2020,210050003,213320007,209110001,213259995,30979400
12/14/2020,213100006,216210007,212880005,214199997,28798400
12/15/2020,215169998,215419998,212240005,214130005,27000600
12/16/2020,214750000,220110001,214720001,219279999,35023300
12/17/2020,219869995,220889999,217919998,219419998,32515800
12/18/2020,218589996,219690002,216020004,218589996,63354900
12/21/2020,217550003,224000000,217279999,222589996,37181900
12/22/2020,222690002,225630005,221850006,223940002,22612200
12/23/2020,223110001,223559998,220800003,221020004,18699600
12/24/2020,221419998,223610001,221199997,222750000,10550600
12/28/2020,224449997,226029999,223020004,224960007,17933500
12/29/2020,226309998,227179993,223580002,224149994,17403200
12/30/2020,225229996,225630005,221470001,221679993,20272300
12/31/2020,221699997,223000000,219679993,222419998,20942100
01/04/2021,222529999,223000000,214809998,217690002,37130100
01/05/2021,217259995,218520004,215699997,217899994,23823000
01/06/2021,212169998,216490005,211940002,212250000,35930700
01/07/2021,214039993,219339996,213710007,218289993,27694500
01/08/2021,218679993,220580002,217029999,219619995,22956200
01/11/2021,218470001,218910004,216729996,217490005,23031300
01/12/2021,216500000,217100006,213320007,214929993,23249300
01/13/2021,214020004,216759995,213929993,216339996,20087100
01/14/2021,215910004,217460007,212740005,213020004,29480800
01/15/2021,213520004,214509995,212029999,212649994,31746500
01/19/2021,213750000,216979996,212630005,216440002,30480900
01/20/2021,217699997,225789993,217289993,224339996,37777300
01/21/2021,224699997,226300003,222419998,224970001,30709400
01/22/2021,227080002,230070007,225800003,225949997,30172700
01/25/2021,229119995,229779999,224220001,229529999,33152100
01/26/2021,231860001,234179993,230080002,232330002,49169600
01/27/2021,238000000,240440002,230139999,232899994,69870600
01/28/2021,235610001,242639999,235089996,238929993,49111200
01/29/2021,235990005,238020004,231350006,231960007,42503100
02/01/2021,235059998,242500000,232429993,239649994,33314200
02/02/2021,241300003,242309998,238690002,239509995,25916300
02/03/2021,239570007,245089996,239259995,243000000,27158100
02/04/2021,242660004,243240005,240369995,242009995,25296100
02/05/2021,242229996,243279999,240419998,242199997,18054800
02/08/2021,243149994,243679993,240809998,242470001,22211900
02/09/2021,241869995,244759995,241380005,243770004,23565000
02/10/2021,245000000,245919998,240889999,242820007,22186700
02/11/2021,244779999,245149994,242149994,244490005,15751100
02/12/2021,243929993,245300003,242729996,244990005,16561100
02/16/2021,245029999,246130005,242919998,243699997,26728500
02/17/2021,241320007,244309998,240940002,244199997,21653500
02/18/2021,241800003,243929993,240860001,243789993,16925600
02/19/2021,243750000,243860001,240179993,240970001,25262600
02/22/2021,237419998,237929993,232399994,234509995,36446900
02/23/2021,230330002,234830002,228729996,233270004,30228700
02/24/2021,230009995,235199997,229000000,234550003,26339700
02/25/2021,232080002,234589996,227880005,228990005,39542200
02/26/2021,231529999,235369995,229539993,232380005,37819200
03/01/2021,235899994,237470001,233149994,236940002,25324000
03/02/2021,237009995,237300003,233449997,233869995,22812500
03/03/2021,232160004,233580002,227259995,227559998,34029500
03/04/2021,226740005,232490005,224259995,226729996,44727800
03/05/2021,229520004,233270004,226460007,231600006,41872800
03/08/2021,231369995,233369995,227130005,227389999,35267400
03/09/2021,232880005,235380005,231669998,233779999,33080500
03/10/2021,237000000,237000000,232039993,232419998,29746800
03/11/2021,234960007,239169998,234309998,237130005,29907600
03/12/2021,234009995,235820007,233229996,235750000,22653700
03/15/2021,234960007,235190002,231809998,234809998,26034900
03/16/2021,236279999,240059998,235940002,237710007,28092200
03/17/2021,236149994,238550003,233229996,237039993,29562100
03/18/2021,232559998,234190002,230330002,230720001,34833000
03/19/2021,231020004,232470001,229350006,230350006,46430700
03/22/2021,230270004,236899994,230139999,235990005,30127000
03/23/2021,237490005,241050003,237070007,237580002,31638400
03/24/2021,237850006,238000000,235320007,235460007,25620100
03/25/2021,235300003,236940002,231570007,232339996,34061900
03/26/2021,231550003,236710007,231550003,236479996,25479900
03/29/2021,236589996,236800003,231880005,235240005,25227500
03/30/2021,233529999,233850006,231100006,231850006,24792000
03/31/2021,232910004,239100006,232389999,235770004,43623500
04/01/2021,238470001,242839996,238050003,242350006,30338000
04/05/2021,242759995,249960007,242699997,249070007,36910600
04/06/2021,247610001,249399994,246880005,247860001,22931900
04/07/2021,247809998,250929993,247190002,249899994,22719800
04/08/2021,252770004,254139999,252000000,253250000,23625200
04/09/2021,252869995,255990005,252440002,255850006,24326800
04/12/2021,254710007,257670013,254619995,255910004,27148700
04/13/2021,257260010,259190002,256829987,258489990,23837500
04/14/2021,257480011,258829987,255160004,255589996,23070900
04/15/2021,257929993,259929993,257730011,259500000,25627500
04/16/2021,259470001,261000000,257600006,260739990,24878600
04/19/2021,260190002,261480011,257820007,258739990,23209300
04/20/2021,257820007,260200012,256839996,258260010,19722900
04/21/2021,258940002,260679993,257250000,260579987,24030400
04/22/2021,260209991,261779999,255639999,257170013,25606200
04/23/2021,257880005,261510010,257269989,261149994,21462600
04/26/2021,261660004,262440002,260170013,261549988,19763300
04/27/2021,261579987,263190002,260119995,261970001,31014200
04/28/2021,256079987,256540009,252949997,254559998,46903100
04/29/2021,255460007,256100006,249000000,252509995,40589000
04/30/2021,249740005,253080002,249600006,252179993,30945100
05/03/2021,253399994,254350006,251119995,251860001,19626600
05/04/2021,250970001,251210007,245759995,247789993,32756100
05/05/2021,249059998,249500000,245820007,246470001,21901300
05/06/2021,246449997,249860001,244690002,249729996,26491100
05/07/2021,252149994,254300003,251169998,252460007,27032900
05/10/2021,250869995,251729996,247119995,247179993,29299900
05/11/2021,244550003,246600006,242570007,246229996,33641600
05/12/2021,242169998,244380005,238070007,239000000,36684400
05/13/2021,241800003,245600006,241419998,243029999,29624300
05/14/2021,245580002,249179993,245490005,248149994,23901100
05/17/2021,246550003,246589996,243520004,245179993,24970200
05/18/2021,246270004,246410004,242899994,243080002,20168000
05/19/2021,239309998,243229996,238600006,243119995,25739800
05/20/2021,243960007,247949997,243860001,246479996,21800700
05/21/2021,247570007,248330002,244740005,245169998,21863100
05/24/2021,247789993,251160004,247509995,250779999,21411500
05/25/2021,251770004,252750000,250820007,251720001,17704300
05/26/2021,251429993,252940002,250750000,251490005,17771600
05/27/2021,251169998,251479996,249250000,249309998,24426200
05/28/2021,251000000,252080002,249559998,249679993,18270200
06/01/2021,251229996,251289993,246960007,247399994,23213300
06/02/2021,248130005,249270004,245839996,247300003,19406700
06/03/2021,245220001,246339996,243000000,245710007,25307700
06/04/2021,247759995,251649994,247509995,250789993,25281100
06/07/2021,249979996,254089996,249809998,253809998,23079200
06/08/2021,255160004,256010010,252509995,252570007,22455000
06/09/2021,253809998,255529999,253210007,253589996,17937600
06/10/2021,254289993,257459991,253669998,257239990,24563600
06/11/2021,257989990,258489990,256609985,257890015,18999700
06/14/2021,257899994,259950012,256799988,259890015,19150500
06/15/2021,259769989,259989990,257679993,258359985,18038900
06/16/2021,259399994,260579987,254419998,257380005,27220000
06/17/2021,256070007,261750000,256010010,260899994,27565500
06/18/2021,259630005,262299988,258750000,259429993,37202200
06/21/2021,259820007,263519989,257920013,262630005,26696100
06/22/2021,262720001,265790009,262399994,265510010,24694100
06/23/2021,265989990,266829987,264429993,265269989,19518700
06/24/2021,266160004,267850006,265470001,266690002,21446900
06/25/2021,266230011,267250000,264760010,265019989,25611100
06/28/2021,266190002,268899994,265910004,268720001,19590000
06/29/2021,268869995,271649994,267980011,271399994,19937800
06/30/2021,270690002,271359985,269600006,270899994,21656500
07/01/2021,269609985,271839996,269600006,271600006,16725300
07/02/2021,272820007,278000000,272500000,277649994,26458000
07/06/2021,278029999,279369995,274299988,277660004,31565600
07/07/2021,279399994,280690002,277149994,279929993,23260000
07/08/2021,276899994,278730011,274869995,277420013,24618600
07/09/2021,275720001,278049988,275320007,277940002,23916700
07/12/2021,279160004,279769989,276579987,277320007,18931700
07/13/2021,277519989,282850006,277390015,280980011,26120100
07/14/2021,282350006,283660004,280549988,282510010,23113700
07/15/2021,282000000,282510010,279829987,281029999,22604200
07/16/2021,282070007,284100006,279459991,280750000,26186800
07/19/2021,278929993,280369995,274450012,277010010,32935600
07/20/2021,278029999,280970001,276260010,279320007,26259700
07/21/2021,278899994,281519989,277290009,281399994,24364300
07/22/2021,283839996,286420013,283420013,286140015,23384100
07/23/2021,287369995,289989990,286500000,289670013,22768100
07/26/2021,289000000,289690002,286640015,289049988,23176100
07/27/2021,289429993,289579987,282950012,286540009,33604100
07/28/2021,288989990,290149994,283829987,286220001,33566900
07/29/2021,286239990,288619995,286079987,286500000,18168300
07/30/2021,285170013,286660004,283910004,284910004,20944800
08/02/2021,286359985,286769989,283739990,284820007,16267400
08/03/2021,285420013,287230011,284000000,287119995,17879000
08/04/2021,286220001,287589996,284649994,286510010,16191300
08/05/2021,286880005,289630005,286100006,289519989,13900200
08/06/2021,288510010,289500000,287619995,289459991,16589300
08/09/2021,289750000,291549988,287809998,288329987,16117600
08/10/2021,288799988,289250000,285200012,286440002,18616600
08/11/2021,287209991,288660004,285859985,286950012,13955900
08/12/2021,286630005,289970001,286339996,289809998,14561300
08/13/2021,289480011,292899994,289299988,292850006,18249000
08/16/2021,293190002,294820007,290019989,294600006,22507600
08/17/2021,292390015,293429993,291079987,293079987,20075300
08/18/2021,292040009,294820007,290269989,290730011,21813000
08/19/2021,288690002,297470001,288640015,296769989,29850500
08/20/2021,299720001,305839996,298059998,304359985,40817600
08/23/2021,303250000,305399994,301850006,304649994,22830200
08/24/2021,305019989,305649994,302000000,302619995,18175800
08/25/2021,304299988,304589996,300420013,302010010,20006100
08/26/2021,300989990,302429993,298950012,299089996,17666100
08/27/2021,298989990,300869995,296829987,299720001,22605700
08/30/2021,301119995,304220001,301059998,303589996,16348100
08/31/2021,304420013,304500000,301500000,301880005,26285300
09/01/2021,302869995,305190002,301489990,301829987,18983800
09/02/2021,302200012,303359985,300179993,301149994,16285600
09/03/2021,300989990,302600006,300260010,301140015,14747900
09/07/2021,301010010,301089996,298200012,300179993,17180400
09/08/2021,299779999,300609985,297470001,300209991,15046800
09/09/2021,300820007,302140015,297000000,297250000,19927000
09/10/2021,298420013,299920013,295380005,295709991,19633400
09/13/2021,297549988,298540009,294079987,296989990,23652900
09/14/2021,299559998,301390015,298100006,299790009,21853400
09/15/2021,303260010,305320007,301820007,304820007,28356300
09/16/2021,303760010,305309998,300760010,305220001,19550800
09/17/2021,304170013,304500000,299529999,299869995,41372500
09/20/2021,296329987,298720001,289519989,294299988,38278700
09/21/2021,295690002,297540009,294070007,294799988,22364100
09/22/2021,296730011,300220001,294510010,298579987,26626300
09/23/2021,298850006,300899994,297529999,299559998,18604600
09/24/2021,298230011,299799988,296929993,299350006,14999000
09/27/2021,296140015,296470001,292940002,294170013,23571700
09/28/2021,289799988,290779999,282750000,283519989,43186200
09/29/2021,285100006,286769989,283010010,284000000,26353700
09/30/2021,285709991,287829987,281619995,281920013,32343600
10/01/2021,282119995,289980011,281290009,289100006,30086300
10/04/2021,287399994,287750000,280250000,283109985,31350700
10/05/2021,284049988,290399994,284049988,288760010,24993000
10/06/2021,285779999,293630005,285510010,293109985,28002600
10/07/2021,295179993,296640015,293920013,294850006,20430500
10/08/2021,296220001,296640015,293760010,294850006,17685700
10/11/2021,292920013,297970001,292750000,294230011,19298600
10/12/2021,295339996,295440002,292350006,292880005,17974100
10/13/2021,294910004,297279999,293489990,296309998,23416300
10/14/2021,299209991,303269989,297829987,302750000,27262900
10/15/2021,302339996,304450012,300519989,304209991,25384800
10/18/2021,303570007,308209991,302690002,307290009,22729300
10/19/2021,308350006,309299988,307220001,308230011,17682100
10/20/2021,309209991,309700012,306109985,307410004,16537100
10/21/2021,307170013,311019989,306359985,310760010,16918100
10/22/2021,310399994,311089996,307799988,309160004,17449300
10/25/2021,309359985,309399994,306459991,308130005,17554500
10/26/2021,311000000,312399994,308600006,310109985,28107300
10/27/2021,316000000,326100006,316000000,323170013,52588700
10/28/2021,324329987,324869995,321359985,324350006,26297900
10/29/2021,324130005,332000000,323899994,331619995,34766000
11/01/2021,331359985,331489990,326369995,329369995,27073200
11/02/2021,330309998,333450012,330000000,333130005,26487100
11/03/2021,333899994,334899994,330649994,334000000,21500100
11/04/2021,332890015,336540009,329510010,336440002,23992200
11/05/2021,338510010,338790009,334420013,336059998,22570100
11/08/2021,337299988,337649994,334440002,336989990,20897000
11/09/2021,337109985,338720001,334529999,335950012,21307400
11/10/2021,334570007,334630005,329920013,330799988,25500900
11/11/2021,331250000,333769989,330510010,332429993,16849800
11/12/2021,333920013,337230011,333790009,336720001,23831000
11/15/2021,337540009,337880005,334029999,336070007,16723000
11/16/2021,335679993,340670013,335510010,339510010,20886800
11/17/2021,338940002,342190002,338000000,339119995,19053400
11/18/2021,338179993,342450012,337119995,341269989,22463500
11/19/2021,342640015,345100006,342200012,343109985,21963400
11/22/2021,344619995,349670013,339549988,339829987,31031100
11/23/2021,337049988,339450012,333559998,337679993,30427600
11/24/2021,336279999,338160004,333910004,337910004,21661300
11/26/2021,334350006,337929993,328119995,329679993,24217200
11/29/2021,334940002,339029999,334739990,336630005,28563500
11/30/2021,335320007,337779999,328989990,330589996,42885600
12/01/2021,335130005,339279999,329390015,330079987,33337600
12/02/2021,330299988,333489990,327799988,329489990,30766000
12/03/2021,331989990,332700012,318029999,323010010,41779300
12/06/2021,323950012,327450012,319230011,326190002,30032600
12/07/2021,331640015,335799988,330100006,334920013,31021900
12/08/2021,335309998,335500000,330799988,334970001,24761000
12/09/2021,334410004,336489990,332119995,333100006,22214200
12/10/2021,334980011,343000000,334790009,342540009,38095700
12/13/2021,340679993,343790009,339079987,339399994,28899400
12/14/2021,333220001,334640015,324109985,328339996,44438700
12/15/2021,328609985,335190002,324500000,334649994,35381100
12/16/2021,335709991,336760010,323019989,324899994,35034800
12/17/2021,320880005,324920013,317250000,323799988,47750300
12/20/2021,320049988,322799988,317570007,319910004,28326500
12/21/2021,323290009,327730011,319799988,327290009,24740600
12/22/2021,328299988,333609985,325750000,333200012,24831500
12/23/2021,332750000,336390015,332730011,334690002,19617800
12/27/2021,335459991,342480011,335429993,342450012,19947000
12/28/2021,343149994,343809998,340320007,341250000,15661500
12/29/2021,341299988,344299988,339679993,341950012,15042000
12/30/2021,341910004,343130005,338820007,339320007,15994500
12/31/2021,338510010,339359985,335850006,336320007,18000800
01/03/2022,335350006,338000000,329779999,334750000,28865100
01/04/2022,334829987,335200012,326119995,329010010,32674300
01/05/2022,325859985,326070007,315980011,316380005,40054300
01/06/2022,313149994,318700012,311489990,313880005,39646100
01/07/2022,314149994,316500000,310089996,314040009,32720000
01/10/2022,309489990,314720001,304690002,314269989,44289500
01/11/2022,313380005,316609985,309890015,314980011,29386800
01/12/2022,319670013,323410004,317079987,318269989,34372200
01/13/2022,320470001,320880005,304000000,304799988,45366000
01/14/2022,304250000,310820007,303750000,310200012,39846400
01/18/2022,304070007,309799988,301739990,302649994,42333200
01/19/2022,306290009,313910004,302700012,303329987,45933900
01/20/2022,309070007,311649994,301140015,301600006,35380700
01/21/2022,302690002,304109985,295609985,296029999,57984400
01/24/2022,292200012,297109985,276049988,296369995,85731500
01/25/2022,291519989,294989990,285170013,288489990,72848600
01/26/2022,307989990,308500000,293029999,296709991,90428900
01/27/2022,302660004,307299988,297929993,299839996,53481300
01/28/2022,300230011,308480011,294450012,308260010,49743700
01/31/2022,308950012,312380005,306369995,310980011,46444500
02/01/2022,310410004,310630005,305130005,308760010,40950400
02/02/2022,309630005,315119995,308880005,313459991,36636000
02/03/2022,309489990,311230011,299959991,301250000,43730000
02/04/2022,300209991,308799988,299970001,305940002,35096500
02/07/2022,306170013,307839996,299899994,300950012,28533300
02/08/2022,301250000,305559998,299950012,304559998,32421200
02/09/2022,309869995,311929993,307390015,311209991,31284700
02/10/2022,304040009,309119995,300700012,302380005,45386200
02/11/2022,303190002,304290009,294220001,295040009,39175600
02/14/2022,293769989,296760010,291350006,295000000,36359500
02/15/2022,300010010,300799988,297019989,300470001,27058300
02/16/2022,298369995,300869995,293679993,299500000,29982100
02/17/2022,296359985,296799988,290000000,290730011,32461600
02/18/2022,293049988,293859985,286309998,287929993,34264000
02/22/2022,285000000,291540009,284500000,287720001,41736100
02/23/2022,290179993,291700012,280100006,280269989,37811200
02/24/2022,272510010,295160004,271519989,294589996,56989700
02/25/2022,295140015,297630005,291649994,297309998,32546700
02/28/2022,294309998,299140015,293000000,298790009,34627500
03/01/2022,296399994,299970001,292149994,294950012,31217800
03/02/2022,295359985,301470001,293700012,300190002,31873000
03/03/2022,302890015,303130005,294049988,295920013,27314500
03/04/2022,294290009,295660004,287170013,289859985,32356500
03/07/2022,288529999,289690002,278529999,278910004,43157200
03/08/2022,277799988,283959991,270000000,275850006,48159500
03/09/2022,283440002,289600006,280779999,288500000,35204500
03/10/2022,283019989,286600006,280579987,285589996,30628000
03/11/2022,287959991,289510010,279429993,280070007,27209300
03/14/2022,280339996,285399994,275820007,276440002,30660700
03/15/2022,280350006,287820007,278730011,287149994,34245100
03/16/2022,289109985,294570007,283200012,294390015,37826300
03/17/2022,293290009,295609985,289369995,295220001,30816600
03/18/2022,295369995,301000000,292730011,300429993,43390600
03/21/2022,298890015,300140015,294899994,299160004,28351200
03/22/2022,299799988,305000000,298769989,304059998,27599700
03/23/2022,300510010,303230011,297720001,299489990,25715400
03/24/2022,299140015,304200012,298320007,304100006,24484500
03/25/2022,305230011,305500000,299290009,303679993,22566500
03/28/2022,304329987,310799988,304329987,310700012,29578200
03/29/2022,313910004,315820007,309049988,315410004,30393400
03/30/2022,313760010,315950012,311579987,313859985,28163600
03/31/2022,313899994,315140015,307890015,308309998,33422100
04/01/2022,309369995,310130005,305540009,309420013,27110500
04/04/2022,310089996,315109985,309709991,314970001,24289600
04/05/2022,313269989,314869995,309869995,310880005,23156700
04/06/2022,305190002,307000000,296709991,299500000,40110400
04/07/2022,296660004,303649994,296350006,301369995,31411200
04/08/2022,300440002,301119995,296279999,296970001,24361900
04/11/2022,291790009,292609985,285000000,285260010,34569300
04/12/2022,289239990,290739990,280489990,282059998,30966700
04/13/2022,282730011,288579987,281299988,287619995,21907200
04/14/2022,288089996,288309998,279320007,279829987,28221600
04/18/2022,278910004,282459991,278339996,280519989,20778000
04/19/2022,279380005,286170013,278410004,285299988,22297700
04/20/2022,289399994,289700012,285369995,286359985,22906700
04/21/2022,288579987,293299988,280059998,280809998,29454600
04/22/2022,281679993,283200012,273380005,274029999,29405800
04/25/2022,273290009,281109985,270769989,280720001,35678900
04/26/2022,277500000,278359985,270000000,270220001,46518400
04/27/2022,282100006,290970001,279160004,283220001,63477700
04/28/2022,285190002,290980011,281459991,289630005,33646600
04/29/2022,288609985,289880005,276500000,277519989,37073900
05/02/2022,277709991,284940002,276220001,284470001,35151100
05/03/2022,283959991,284130005,280149994,281779999,25978600
05/04/2022,282589996,290880005,276730011,289980011,33599300
05/05/2022,285540009,286350006,274339996,277350006,43260400
05/06/2022,274809998,279250000,271269989,274730011,37780300
05/09/2022,270059998,272359985,263320007,264579987,47726000
05/10/2022,271690002,273750000,265070007,269500000,39336400
05/11/2022,265679993,271359985,259299988,260549988,48975900
05/12/2022,257690002,259880005,250020004,255350006,51033800
05/13/2022,257350006,263040009,255350006,261119995,34925100
05/16/2022,259959991,265820007,255779999,261500000,32550900
05/17/2022,266109985,268329987,262459991,266820007,28828800
05/18/2022,263000000,263600006,252770004,254080002,31356000
05/19/2022,253899994,257670013,251880005,253139999,32692300
05/20/2022,257239990,258540009,246440002,252559998,39199300
05/23/2022,255490005,261500000,253429993,260649994,33175400
05/24/2022,257890015,261329987,253500000,259619995,29043900
05/25/2022,258140015,264579987,257130005,262519989,28547900
05/26/2022,262269989,267109985,261429993,265899994,25002100
05/27/2022,268480011,273339996,267559998,273239990,26910800
05/31/2022,272529999,274769989,268929993,271869995,37827700
06/01/2022,275200012,277690002,270040009,272420013,25292200
06/02/2022,264450012,274649994,261600006,274579987,44008200
06/03/2022,270309998,273450012,268410004,270019989,28059000
06/06/2022,272059998,274179993,267220001,268750000,22400300
06/07/2022,266640015,273130005,265940002,272500000,22860700
06/08/2022,271709991,273000000,269609985,270410004,17372300
06/09/2022,267779999,272709991,264630005,264790009,26439700
06/10/2022,260579987,260579987,252529999,252990005,31422800
06/13/2022,245110001,249020004,241529999,242259995,46135800
06/14/2022,243860001,245740005,241509995,244490005,28651500
06/15/2022,248309998,255300003,246419998,251759995,33111700
06/16/2022,245979996,247419998,243020004,244970001,33169200
06/17/2022,244699997,250500000,244029999,247649994,43084800
06/21/2022,250259995,254750000,249509995,253740005,29928300
06/22/2022,251889999,257170013,250369995,253130005,25939900
06/23/2022,255570007,259369995,253630005,258859985,25861400
06/24/2022,261809998,267980011,261720001,267700012,33923200
06/27/2022,268209991,268299988,263279999,264890015,24615100
06/28/2022,263980011,266910004,256320007,256480011,27295500
06/29/2022,257589996,261970001,255759995,260260010,20069800
06/30/2022,257049988,259529999,252899994,256829987,31730900
07/01/2022,256390015,259769989,254610001,259579987,22837700
07/05/2022,256160004,262980011,254740005,262850006,22941000
07/06/2022,263750000,267989990,262399994,266209991,23824400
07/07/2022,265119995,269059998,265019989,268399994,20859900
07/08/2022,264790009,268100006,263290009,267660004,19658800
07/11/2022,265649994,266529999,262179993,264510010,19455200
07/12/2022,265880005,265940002,252039993,253669998,35868500
07/13/2022,250190002,253550003,248110001,252720001,29497400
07/14/2022,250570007,255139999,245940002,254080002,25102800
07/15/2022,255720001,260369995,254770004,256720001,29774100
07/18/2022,259750000,260839996,253300003,254250000,20975000
07/19/2022,257579987,259720001,253679993,259529999,25012600
07/20/2022,259899994,264869995,258910004,262269989,22788300
07/21/2022,259790009,264890015,257029999,264839996,22404700
07/22/2022,265239990,265329987,259070007,260359985,21881300
07/25/2022,261000000,261500000,256809998,258829987,21056000
07/26/2022,259859985,259880005,249570007,251899994,39348000
07/27/2022,261160004,270049988,258850006,268739990,45994000
07/28/2022,269750000,277839996,267869995,276410004,33459300
07/29/2022,277700012,282000000,276630005,280739990,32152800
08/01/2022,277820007,281279999,275839996,278010010,21539600
08/02/2022,276000000,277890015,272380005,274820007,22754200
08/03/2022,276760010,283500000,276609985,282470001,23518900
08/04/2022,281799988,283799988,280170013,283649994,18098700
08/05/2022,279149994,283649994,278679993,282910004,16774600
08/08/2022,284049988,285920013,279320007,280320007,18739200
08/09/2022,279640015,283079987,277609985,282299988,23405200
08/10/2022,288170013,289809998,286940002,289160004,24687800
08/11/2022,290850006,291209991,286510010,287019989,20065900
08/12/2022,288480011,291910004,286940002,291910004,22619700
08/15/2022,291000000,294179993,290109985,293470001,18085700
08/16/2022,291989990,294040009,290420013,292709991,18102900
08/17/2022,289739990,293350006,289470001,291320007,18253400
08/18/2022,290190002,291910004,289079987,290170013,17186200
08/19/2022,288899994,289250000,285559998,286149994,20570000
08/22/2022,282079987,282459991,277220001,277750000,25061100
08/23/2022,276440002,278859985,275399994,276440002,17527400
08/24/2022,275410004,277230011,275109985,275790009,18137000
08/25/2022,277329987,279019989,274519989,278850006,16583400
08/26/2022,279079987,280339996,267980011,268089996,27549300
08/29/2022,265850006,267399994,263850006,265230011,20338500
08/30/2022,266670013,267049988,260660004,262970001,22767100
08/31/2022,265390015,267109985,261329987,261470001,24791800
09/01/2022,258869995,260890015,255410004,260399994,23263400
09/02/2022,261700012,264739990,254470001,256059998,22855400
09/06/2022,256200012,257829987,251940002,253250000,21328200
09/07/2022,254699997,258829987,253220001,258089996,24126700
09/08/2022,257510010,260429993,254789993,258519989,20319900
09/09/2022,260500000,265230011,260290009,264459991,22084700
09/12/2022,265779999,267450012,265160004,266649994,18747700
09/13/2022,258839996,260399994,251589996,251990005,33353300
09/14/2022,253529999,254229996,249860001,252220001,23913000
09/15/2022,249770004,251399994,244020004,245380005,31530900
09/16/2022,244259995,245300003,242059998,244740005,39791800
09/19/2022,242470001,245139999,240850006,244520004,26826900
09/20/2022,242070007,243509995,239639999,242449997,26660300
09/21/2022,244270004,247660004,238899994,238949997,28625600
09/22/2022,237869995,243860001,237570007,240979996,31061200
09/23/2022,239539993,241130005,235199997,237919998,34176000
09/26/2022,237050003,241449997,236899994,237449997,27694200
09/27/2022,239979996,241800003,234500000,236410004,27018700
09/28/2022,236809998,242330002,234729996,241070007,29029700
09/29/2022,238889999,239949997,234410004,237500000,27484200
09/30/2022,238289993,240539993,232729996,232899994,35694800
10/03/2022,235410004,241610001,234660004,240740005,28880400
10/04/2022,245089996,250360001,244979996,248880005,34888400
10/05/2022,245990005,250580002,244100006,249199997,20347100
10/06/2022,247929993,250339996,246080002,246789993,20239900
10/07/2022,240899994,241320007,233169998,234240005,37769600
10/10/2022,233050003,234559998,226729996,229250000,29743600
10/11/2022,227619995,229059998,224110001,225410004,30474000
10/12/2022,225399994,227860001,223960007,225750000,21903900
10/13/2022,219850006,236100006,219130005,234240005,42551800
10/14/2022,235539993,237240005,228339996,228559998,30198600
10/17/2022,235820007,238960007,235139999,237529999,28142300
10/18/2022,243240005,243929993,235369995,238500000,26329600
10/19/2022,237039993,239610001,234289993,236479996,19985700
10/20/2022,235770004,241309998,234869995,236149994,21811000
10/21/2022,234740005,243000000,234500000,242119995,26299700
10/24/2022,243759995,247839996,241300003,247250000,24911200
10/25/2022,247259995,251039993,245830002,250660004,34775500
10/26/2022,231169998,238300003,230059998,231320007,82543200
10/27/2022,231039993,233690002,225779999,226750000,40424600
10/28/2022,226240005,236600006,226050003,235869995,40647700
10/31/2022,233759995,234919998,231149994,232130005,28357300
11/01/2022,234600006,235740005,227330002,228169998,30592300
11/02/2022,229460007,231300003,220039993,220100006,38407000
11/03/2022,220089996,220410004,213979996,214250000,36633900
11/04/2022,217550003,221589996,213429993,221389999,36789100
11/07/2022,221990005,228410004,221279999,227869995,33498000
11/08/2022,228699997,231649994,225839996,228869995,28192500
11/09/2022,227369995,228630005,224330002,224509995,27852900
11/10/2022,235429993,243330002,235000000,242979996,46268000
11/11/2022,242990005,247990005,241929993,247110001,34620200
11/14/2022,241990005,243910004,239210007,241550003,31123300
11/15/2022,245660004,247000000,240029999,241970001,31390100
11/16/2022,242789993,243800003,240419998,241729996,24093300
11/17/2022,237779999,243250000,237630005,241679993,23123500
11/18/2022,243509995,243740005,239029999,241220001,27613500
11/21/2022,241429993,244669998,241190002,242050003,26394700
11/22/2022,243589996,245309998,240710007,245029999,19665700
11/23/2022,245110001,248279999,244270004,247580002,19508500
11/25/2022,247309998,248699997,246729996,247490005,9200800
11/28/2022,246080002,246649994,240800003,241759995,24778200
11/29/2022,241399994,242789993,238210007,240330002,17956300
11/30/2022,240570007,255330002,239860001,255139999,47594200
12/01/2022,253869995,256119995,250919998,254690002,26041500
12/02/2022,249820007,256059998,249690002,255020004,21528500
12/05/2022,252009995,253820007,248059998,250199997,23435300
12/06/2022,250820007,251860001,243779999,245119995,22463700
12/07/2022,244830002,246160004,242210007,244369995,20481500
12/08/2022,244839996,248740005,243059998,247399994,22611800
12/09/2022,244699997,248309998,244160004,245419998,20609700
12/12/2022,247449997,252539993,247169998,252509995,30665100
12/13/2022,261690002,263920013,253070007,256920013,42196900
12/14/2022,257130005,262589996,254309998,257220001,35410900
12/15/2022,253720001,254199997,247339996,249009995,35560400
12/16/2022,248550003,249839996,243509995,244690002,86102000
12/19/2022,244860001,245210007,238710007,240449997,29696400
12/20/2022,239399994,242910004,238419998,241800003,25150800
12/21/2022,241690002,245619995,240110001,244429993,23690600
12/22/2022,241259995,241990005,233869995,238190002,28651700
12/23/2022,236110001,238869995,233940002,238729996,21207000
12/27/2022,238699997,238929993,235830002,236960007,16688600
12/28/2022,236889999,239720001,234169998,234529999,17457100
12/29/2022,235649994,241919998,235649994,241009995,19770700
12/30/2022,238210007,239960007,236660004,239820007,21938500
01/03/2023,243080002,245750000,237399994,239580002,25740000
01/04/2023,232279999,232869995,225960007,229100006,50623400
01/05/2023,227199997,227550003,221759995,222309998,39585600
01/06/2023,223000000,225759995,219350006,224929993,43613600
01/09/2023,226449997,231240005,226410004,227119995,27369800
01/10/2023,227759995,231309998,227330002,228850006,27033900
01/11/2023,231289993,235949997,231110001,235770004,28669300
01/12/2023,235259995,239899994,233559998,238509995,27269500
01/13/2023,237000000,239369995,234919998,239229996,21333300
01/17/2023,237970001,240910004,237089996,240350006,29831300
01/18/2023,241570007,242380005,235520004,235809998,30028700
01/19/2023,233779999,235520004,230679993,231929993,28623000
01/20/2023,234860001,240740005,234509995,240220001,35389800
01/23/2023,241100006,245169998,239649994,242580002,31934000
01/24/2023,242500000,243949997,240440002,242039993,40234400
01/25/2023,234479996,243300003,230899994,240610001,66526600
01/26/2023,243649994,248309998,242000000,248000000,33454500
01/27/2023,248990005,249830002,246830002,248160004,26498900
01/30/2023,244509995,245600006,242199997,242710007,25867400
01/31/2023,243449997,247949997,242949997,247809998,26541100
02/01/2023,248000000,255179993,245470001,252750000,31259900
02/02/2023,258820007,264690002,257250000,264600006,39940400
02/03/2023,259540009,264200012,257100006,258350006,29077300
02/06/2023,257440002,258299988,254779999,256769989,22518000
02/07/2023,260529999,268769989,260079987,267559998,50841400
02/08/2023,273200012,276760010,266209991,266730011,54686000
02/09/2023,273799988,273980011,262799988,263619995,42375100
02/10/2023,261529999,264089996,260660004,263100006,25818500
02/13/2023,267640015,274600006,267149994,271320007,44630900
02/14/2023,272670013,274970001,269279999,272170013,37047900
02/15/2023,268320007,270730011,266179993,269320007,28922400
02/16/2023,264019989,266739990,261899994,262149994,29603600
02/17/2023,259390015,260089996,256000000,258059998,30000100
02/21/2023,254479996,255490005,251589996,252669998,28397400
02/22/2023,254089996,254339996,250339996,251509995,22491100
02/23/2023,255559998,256839996,250479996,254770004,29219100
02/24/2023,249960007,251000000,248100006,249220001,24990900
02/27/2023,252460007,252820007,249389999,250160004,21190000
02/28/2023,249070007,251490005,248729996,249419998,22491000
03/01/2023,250759995,250929993,245789993,246270004,27565300
03/02/2023,246550003,251399994,245610001,251110001,24808200
03/03/2023,252190002,255619995,251389999,255289993,30741300
03/06/2023,256429993,260119995,255979996,256869995,24109800
03/07/2023,256299988,257690002,253389999,254149994,21473200
03/08/2023,254039993,254539993,250809998,253699997,17340200
03/09/2023,255820007,259559998,251580002,252320007,26653400
03/10/2023,251080002,252789993,247600006,248589996,28321800
